{"nm":"Comp 1","mn":"","layers":[{"ty":0,"nm":"Pre-comp 1","mn":"","sr":1,"st":0,"op":97.000003950891,"ip":0,"hd":false,"cl":"","ln":"","ddd":0,"bm":0,"hasMask":false,"ao":0,"ks":{"a":{"a":0,"k":[197,197,0],"ix":1},"s":{"a":0,"k":[100,100,100],"ix":6},"sk":{"a":0,"k":0},"p":{"a":0,"k":[256,256,0],"ix":2},"r":{"a":0,"k":0,"ix":10},"sa":{"a":0,"k":0},"o":{"a":0,"k":100,"ix":11}},"ef":[],"w":394,"h":394,"refId":"comp_0","ind":1}],"ddd":0,"h":512,"w":512,"meta":{"a":"","k":"","d":"","g":"@lottiefiles/toolkit-js 0.22.1","tc":"#000000"},"v":"5.5.10","fr":30,"op":90,"ip":0,"assets":[{"nm":"","mn":"","layers":[{"ty":4,"nm":"ic_downloading","mn":"","sr":1,"st":0,"op":775.000031566397,"ip":0,"hd":false,"cl":"","ln":"","ddd":0,"bm":0,"hasMask":false,"ao":0,"ks":{"a":{"a":0,"k":[128,128,0],"ix":1},"s":{"a":0,"k":[80,80,100],"ix":6},"sk":{"a":0,"k":0},"p":{"a":1,"k":[{"o":{"x":0.333,"y":0},"i":{"x":0.4,"y":1},"s":[197.528,-259,0],"t":0,"ti":[0,-118.5,0],"to":[0,73.333,0]},{"o":{"x":0.333,"y":0},"i":{"x":0.5,"y":1},"s":[197.528,181,0],"t":50,"ti":[0,0,0],"to":[0,14.383,0]},{"o":{"x":0.167,"y":0.167},"i":{"x":0.833,"y":0.833},"s":[197.528,641,0],"t":89.1262536301866}],"ix":2},"r":{"a":0,"k":0,"ix":10},"sa":{"a":0,"k":0},"o":{"a":0,"k":100,"ix":11}},"ef":[],"shapes":[{"ty":"gr","bm":0,"cl":"","ln":"","hd":false,"mn":"ADBE Vector Group","nm":"Group 1","ix":1,"cix":2,"np":2,"it":[{"ty":"sh","bm":0,"cl":"","ln":"","hd":false,"mn":"ADBE Vector Shape - Group","nm":"Path 1","ix":1,"d":1,"ks":{"a":0,"k":{"c":true,"i":[[5.789,5.798],[5.789,-5.77],[0,0],[0,0],[8.185,0],[0,-8.185],[0,0],[0,0],[5.788,-5.77],[-5.78,-5.789],[0,0],[-3.789,0],[-2.893,2.894],[0,0]],"o":[[-5.788,-5.77],[0,0],[0,0],[0,-8.185],[-8.185,0],[0,0],[0,0],[-5.789,-5.77],[-5.78,5.798],[0,0],[2.894,2.894],[3.79,0],[0,0],[5.789,-5.789]],"v":[[87.656,14.212],[66.71,14.212],[14.814,66.102],[14.814,-101.878],[-0.009,-116.692],[-14.823,-101.878],[-14.823,66.09],[-66.701,14.212],[-87.665,14.212],[-87.665,35.169],[-10.482,112.352],[0,116.693],[10.482,112.352],[87.656,35.169]]},"ix":2}},{"ty":"fl","bm":0,"cl":"","ln":"","hd":false,"mn":"ADBE Vector Graphic - Fill","nm":"Fill 1","c":{"a":0,"k":[1,1,1],"ix":4},"r":1,"o":{"a":0,"k":100,"ix":5}},{"ty":"tr","a":{"a":0,"k":[0,0],"ix":1},"s":{"a":0,"k":[100,100],"ix":3},"sk":{"a":0,"k":0,"ix":4},"p":{"a":0,"k":[127.473,129.247],"ix":2},"r":{"a":0,"k":0,"ix":6},"sa":{"a":0,"k":0,"ix":5},"o":{"a":0,"k":100,"ix":7}}]}],"ind":1},{"ty":4,"nm":"Shape Layer 1","mn":"","sr":1,"st":0,"op":775.000031566397,"ip":0,"hd":false,"cl":"","ln":"","ddd":0,"bm":0,"hasMask":false,"ao":0,"ks":{"a":{"a":0,"k":[0,0,0],"ix":1},"s":{"a":0,"k":[100,100,100],"ix":6},"sk":{"a":0,"k":0},"p":{"a":0,"k":[198,206,0],"ix":2},"r":{"a":0,"k":0,"ix":10},"sa":{"a":0,"k":0},"o":{"a":0,"k":100,"ix":11}},"ef":[],"shapes":[{"ty":"gr","bm":0,"cl":"","ln":"","hd":false,"mn":"ADBE Vector Group","nm":"Ellipse 1","ix":1,"cix":2,"np":3,"it":[{"ty":"el","bm":0,"cl":"","ln":"","hd":false,"mn":"ADBE Vector Shape - Ellipse","nm":"Ellipse Path 1","d":1,"p":{"a":0,"k":[0,0],"ix":3},"s":{"a":0,"k":[394,394],"ix":2}},{"ty":"fl","bm":0,"cl":"","ln":"","hd":false,"mn":"ADBE Vector Graphic - Fill","nm":"Fill 1","c":{"a":0,"k":[0.4353,0.3451,0.7882],"ix":4},"r":1,"o":{"a":0,"k":100,"ix":5}},{"ty":"tr","a":{"a":0,"k":[0,0],"ix":1},"s":{"a":0,"k":[100,100],"ix":3},"sk":{"a":0,"k":0,"ix":4},"p":{"a":0,"k":[-1,-9],"ix":2},"r":{"a":0,"k":0,"ix":6},"sa":{"a":0,"k":0,"ix":5},"o":{"a":0,"k":100,"ix":7}}]}],"ind":2}],"id":"comp_0"}]}