{
    "v":"5.8.0",
    "fr":60,
    "ip":0,
    "op":120,
    "w":1000,
    "h":1000,
    "nm":"Comp 1",
    "ddd":0,
    "assets":[
       
    ],
    "layers":[
       {
          "ddd":0,
          "ind":1,
          "ty":3,
          "nm":"scale",
          "sr":1,
          "ks":{
             "o":{
                "a":0,
                "k":0,
                "ix":11
             },
             "r":{
                "a":0,
                "k":0,
                "ix":10
             },
             "p":{
                "a":0,
                "k":[
                   500,
                   500,
                   0
                ],
                "ix":2,
                "l":2
             },
             "a":{
                "a":0,
                "k":[
                   0,
                   0,
                   0
                ],
                "ix":1,
                "l":2
             },
             "s":{
                "a":0,
                "k":[
                   100,
                   100,
                   100
                ],
                "ix":6,
                "l":2
             }
          },
          "ao":0,
          "ip":0,
          "op":120,
          "st":0,
          "bm":0
       },
       {
          "ddd":0,
          "ind":2,
          "ty":4,
          "nm":"menu1",
          "parent":1,
          "sr":1,
          "ks":{
             "o":{
                "a":0,
                "k":100,
                "ix":11
             },
             "r":{
                "a":0,
                "k":0,
                "ix":10
             },
             "p":{
                "a":0,
                "k":[
                   0,
                   -81.868,
                   0
                ],
                "ix":2,
                "l":2
             },
             "a":{
                "a":0,
                "k":[
                   0,
                   0,
                   0
                ],
                "ix":1,
                "l":2
             },
             "s":{
                "a":0,
                "k":[
                   100,
                   100,
                   100
                ],
                "ix":6,
                "l":2
             }
          },
          "ao":0,
          "shapes":[
             {
                "ty":"gr",
                "it":[
                   {
                      "ind":0,
                      "ty":"sh",
                      "ix":1,
                      "ks":{
                         "a":1,
                         "k":[
                            {
                               "i":{
                                  "x":0.114,
                                  "y":1
                               },
                               "o":{
                                  "x":0.405,
                                  "y":0
                               },
                               "t":14,
                               "s":[
                                  {
                                     "i":[
                                        [
                                           0,
                                           0
                                        ],
                                        [
                                           0,
                                           0
                                        ],
                                        [
                                           0,
                                           0
                                        ]
                                     ],
                                     "o":[
                                        [
                                           0,
                                           0
                                        ],
                                        [
                                           0,
                                           0
                                        ],
                                        [
                                           0,
                                           0
                                        ]
                                     ],
                                     "v":[
                                        [
                                           -91.5,
                                           0
                                        ],
                                        [
                                           0,
                                           0
                                        ],
                                        [
                                           91.5,
                                           0
                                        ]
                                     ],
                                     "c":false
                                  }
                               ]
                            },
                            {
                               "i":{
                                  "x":0.114,
                                  "y":1
                               },
                               "o":{
                                  "x":0.167,
                                  "y":0
                               },
                               "t":44,
                               "s":[
                                  {
                                     "i":[
                                        [
                                           0,
                                           0
                                        ],
                                        [
                                           0,
                                           0
                                        ],
                                        [
                                           0,
                                           0
                                        ]
                                     ],
                                     "o":[
                                        [
                                           0,
                                           0
                                        ],
                                        [
                                           0,
                                           0
                                        ],
                                        [
                                           0,
                                           0
                                        ]
                                     ],
                                     "v":[
                                        [
                                           -63.75,
                                           17.5
                                        ],
                                        [
                                           0,
                                           81.875
                                        ],
                                        [
                                           65.375,
                                           17.25
                                        ]
                                     ],
                                     "c":false
                                  }
                               ]
                            },
                            {
                               "i":{
                                  "x":0.117,
                                  "y":1
                               },
                               "o":{
                                  "x":0.307,
                                  "y":0
                               },
                               "t":74,
                               "s":[
                                  {
                                     "i":[
                                        [
                                           0,
                                           0
                                        ],
                                        [
                                           0,
                                           0
                                        ],
                                        [
                                           0,
                                           0
                                        ]
                                     ],
                                     "o":[
                                        [
                                           0,
                                           0
                                        ],
                                        [
                                           0,
                                           0
                                        ],
                                        [
                                           0,
                                           0
                                        ]
                                     ],
                                     "v":[
                                        [
                                           -63.75,
                                           17.5
                                        ],
                                        [
                                           0,
                                           81.875
                                        ],
                                        [
                                           65.375,
                                           17.25
                                        ]
                                     ],
                                     "c":false
                                  }
                               ]
                            },
                            {
                               "t":104,
                               "s":[
                                  {
                                     "i":[
                                        [
                                           0,
                                           0
                                        ],
                                        [
                                           0,
                                           0
                                        ],
                                        [
                                           0,
                                           0
                                        ]
                                     ],
                                     "o":[
                                        [
                                           0,
                                           0
                                        ],
                                        [
                                           0,
                                           0
                                        ],
                                        [
                                           0,
                                           0
                                        ]
                                     ],
                                     "v":[
                                        [
                                           -91.5,
                                           0
                                        ],
                                        [
                                           0,
                                           0
                                        ],
                                        [
                                           91.5,
                                           0
                                        ]
                                     ],
                                     "c":false
                                  }
                               ]
                            }
                         ],
                         "ix":2
                      },
                      "nm":"Path 1",
                      "mn":"ADBE Vector Shape - Group",
                      "hd":false
                   },
                   {
                      "ty":"st",
                      "c":{
                         "a":0,
                         "k":[
                            0,
                            0,
                            0,
                            1
                         ],
                         "ix":3
                      },
                      "o":{
                         "a":0,
                         "k":100,
                         "ix":4
                      },
                      "w":{
                         "a":0,
                         "k":23.116,
                         "ix":5
                      },
                      "lc":2,
                      "lj":2,
                      "bm":0,
                      "nm":"Stroke 1",
                      "mn":"ADBE Vector Graphic - Stroke",
                      "hd":false
                   },
                   {
                      "ty":"tr",
                      "p":{
                         "a":0,
                         "k":[
                            0,
                            0
                         ],
                         "ix":2
                      },
                      "a":{
                         "a":0,
                         "k":[
                            0,
                            0
                         ],
                         "ix":1
                      },
                      "s":{
                         "a":0,
                         "k":[
                            100,
                            100
                         ],
                         "ix":3
                      },
                      "r":{
                         "a":0,
                         "k":0,
                         "ix":6
                      },
                      "o":{
                         "a":0,
                         "k":100,
                         "ix":7
                      },
                      "sk":{
                         "a":0,
                         "k":0,
                         "ix":4
                      },
                      "sa":{
                         "a":0,
                         "k":0,
                         "ix":5
                      },
                      "nm":"Transform"
                   }
                ],
                "nm":"Group 1",
                "np":2,
                "cix":2,
                "bm":0,
                "ix":1,
                "mn":"ADBE Vector Group",
                "hd":false
             }
          ],
          "ip":0,
          "op":120,
          "st":0,
          "bm":0
       },
       {
          "ddd":0,
          "ind":3,
          "ty":4,
          "nm":"menu2",
          "parent":1,
          "sr":1,
          "ks":{
             "o":{
                "a":1,
                "k":[
                   {
                      "i":{
                         "x":[
                            0.833
                         ],
                         "y":[
                            0.833
                         ]
                      },
                      "o":{
                         "x":[
                            0.167
                         ],
                         "y":[
                            0.167
                         ]
                      },
                      "t":19,
                      "s":[
                         100
                      ]
                   },
                   {
                      "i":{
                         "x":[
                            0.833
                         ],
                         "y":[
                            0.833
                         ]
                      },
                      "o":{
                         "x":[
                            0.167
                         ],
                         "y":[
                            0.167
                         ]
                      },
                      "t":28,
                      "s":[
                         0
                      ]
                   },
                   {
                      "i":{
                         "x":[
                            0.833
                         ],
                         "y":[
                            0.833
                         ]
                      },
                      "o":{
                         "x":[
                            0.167
                         ],
                         "y":[
                            0.167
                         ]
                      },
                      "t":80,
                      "s":[
                         0
                      ]
                   },
                   {
                      "t":89,
                      "s":[
                         100
                      ]
                   }
                ],
                "ix":11
             },
             "r":{
                "a":0,
                "k":0,
                "ix":10
             },
             "p":{
                "a":0,
                "k":[
                   0,
                   0,
                   0
                ],
                "ix":2,
                "l":2
             },
             "a":{
                "a":0,
                "k":[
                   0,
                   0,
                   0
                ],
                "ix":1,
                "l":2
             },
             "s":{
                "a":0,
                "k":[
                   100,
                   100,
                   100
                ],
                "ix":6,
                "l":2
             }
          },
          "ao":0,
          "shapes":[
             {
                "ty":"gr",
                "it":[
                   {
                      "ind":0,
                      "ty":"sh",
                      "ix":1,
                      "ks":{
                         "a":1,
                         "k":[
                            {
                               "i":{
                                  "x":0.114,
                                  "y":1
                               },
                               "o":{
                                  "x":0.405,
                                  "y":0
                               },
                               "t":14,
                               "s":[
                                  {
                                     "i":[
                                        [
                                           0,
                                           0
                                        ],
                                        [
                                           0,
                                           0
                                        ]
                                     ],
                                     "o":[
                                        [
                                           0,
                                           0
                                        ],
                                        [
                                           0,
                                           0
                                        ]
                                     ],
                                     "v":[
                                        [
                                           -91.5,
                                           0
                                        ],
                                        [
                                           91.5,
                                           0
                                        ]
                                     ],
                                     "c":false
                                  }
                               ]
                            },
                            {
                               "i":{
                                  "x":0.114,
                                  "y":1
                               },
                               "o":{
                                  "x":0.167,
                                  "y":0
                               },
                               "t":44,
                               "s":[
                                  {
                                     "i":[
                                        [
                                           0,
                                           0
                                        ],
                                        [
                                           0,
                                           0
                                        ]
                                     ],
                                     "o":[
                                        [
                                           0,
                                           0
                                        ],
                                        [
                                           0,
                                           0
                                        ]
                                     ],
                                     "v":[
                                        [
                                           1,
                                           0
                                        ],
                                        [
                                           1,
                                           0
                                        ]
                                     ],
                                     "c":false
                                  }
                               ]
                            },
                            {
                               "i":{
                                  "x":0.117,
                                  "y":1
                               },
                               "o":{
                                  "x":0.307,
                                  "y":0
                               },
                               "t":74,
                               "s":[
                                  {
                                     "i":[
                                        [
                                           0,
                                           0
                                        ],
                                        [
                                           0,
                                           0
                                        ]
                                     ],
                                     "o":[
                                        [
                                           0,
                                           0
                                        ],
                                        [
                                           0,
                                           0
                                        ]
                                     ],
                                     "v":[
                                        [
                                           1,
                                           0
                                        ],
                                        [
                                           1,
                                           0
                                        ]
                                     ],
                                     "c":false
                                  }
                               ]
                            },
                            {
                               "t":104,
                               "s":[
                                  {
                                     "i":[
                                        [
                                           0,
                                           0
                                        ],
                                        [
                                           0,
                                           0
                                        ]
                                     ],
                                     "o":[
                                        [
                                           0,
                                           0
                                        ],
                                        [
                                           0,
                                           0
                                        ]
                                     ],
                                     "v":[
                                        [
                                           -91.5,
                                           0
                                        ],
                                        [
                                           91.5,
                                           0
                                        ]
                                     ],
                                     "c":false
                                  }
                               ]
                            }
                         ],
                         "ix":2
                      },
                      "nm":"Path 1",
                      "mn":"ADBE Vector Shape - Group",
                      "hd":false
                   },
                   {
                      "ty":"st",
                      "c":{
                         "a":0,
                         "k":[
                            0,
                            0,
                            0,
                            1
                         ],
                         "ix":3
                      },
                      "o":{
                         "a":0,
                         "k":100,
                         "ix":4
                      },
                      "w":{
                         "a":0,
                         "k":23.116,
                         "ix":5
                      },
                      "lc":2,
                      "lj":2,
                      "bm":0,
                      "nm":"Stroke 1",
                      "mn":"ADBE Vector Graphic - Stroke",
                      "hd":false
                   },
                   {
                      "ty":"tr",
                      "p":{
                         "a":0,
                         "k":[
                            0,
                            0
                         ],
                         "ix":2
                      },
                      "a":{
                         "a":0,
                         "k":[
                            0,
                            0
                         ],
                         "ix":1
                      },
                      "s":{
                         "a":0,
                         "k":[
                            100,
                            100
                         ],
                         "ix":3
                      },
                      "r":{
                         "a":0,
                         "k":0,
                         "ix":6
                      },
                      "o":{
                         "a":0,
                         "k":100,
                         "ix":7
                      },
                      "sk":{
                         "a":0,
                         "k":0,
                         "ix":4
                      },
                      "sa":{
                         "a":0,
                         "k":0,
                         "ix":5
                      },
                      "nm":"Transform"
                   }
                ],
                "nm":"Group 1",
                "np":2,
                "cix":2,
                "bm":0,
                "ix":1,
                "mn":"ADBE Vector Group",
                "hd":false
             }
          ],
          "ip":0,
          "op":120,
          "st":0,
          "bm":0
       },
       {
          "ddd":0,
          "ind":4,
          "ty":4,
          "nm":"menu3",
          "parent":1,
          "sr":1,
          "ks":{
             "o":{
                "a":0,
                "k":100,
                "ix":11
             },
             "r":{
                "a":0,
                "k":0,
                "ix":10
             },
             "p":{
                "a":0,
                "k":[
                   0,
                   81.868,
                   0
                ],
                "ix":2,
                "l":2
             },
             "a":{
                "a":0,
                "k":[
                   0,
                   0,
                   0
                ],
                "ix":1,
                "l":2
             },
             "s":{
                "a":0,
                "k":[
                   100,
                   100,
                   100
                ],
                "ix":6,
                "l":2
             }
          },
          "ao":0,
          "shapes":[
             {
                "ty":"gr",
                "it":[
                   {
                      "ind":0,
                      "ty":"sh",
                      "ix":1,
                      "ks":{
                         "a":1,
                         "k":[
                            {
                               "i":{
                                  "x":0.114,
                                  "y":1
                               },
                               "o":{
                                  "x":0.405,
                                  "y":0
                               },
                               "t":14,
                               "s":[
                                  {
                                     "i":[
                                        [
                                           0,
                                           0
                                        ],
                                        [
                                           0,
                                           0
                                        ],
                                        [
                                           0,
                                           0
                                        ]
                                     ],
                                     "o":[
                                        [
                                           0,
                                           0
                                        ],
                                        [
                                           0,
                                           0
                                        ],
                                        [
                                           0,
                                           0
                                        ]
                                     ],
                                     "v":[
                                        [
                                           -91.5,
                                           0
                                        ],
                                        [
                                           0.031,
                                           0
                                        ],
                                        [
                                           91.5,
                                           0
                                        ]
                                     ],
                                     "c":false
                                  }
                               ]
                            },
                            {
                               "i":{
                                  "x":0.114,
                                  "y":1
                               },
                               "o":{
                                  "x":0.167,
                                  "y":0
                               },
                               "t":44,
                               "s":[
                                  {
                                     "i":[
                                        [
                                           0,
                                           0
                                        ],
                                        [
                                           0,
                                           0
                                        ],
                                        [
                                           0,
                                           0
                                        ]
                                     ],
                                     "o":[
                                        [
                                           0,
                                           0
                                        ],
                                        [
                                           0,
                                           0
                                        ],
                                        [
                                           0,
                                           0
                                        ]
                                     ],
                                     "v":[
                                        [
                                           -63.5,
                                           -17.5
                                        ],
                                        [
                                           -0.063,
                                           -82
                                        ],
                                        [
                                           66,
                                           -17
                                        ]
                                     ],
                                     "c":false
                                  }
                               ]
                            },
                            {
                               "i":{
                                  "x":0.117,
                                  "y":1
                               },
                               "o":{
                                  "x":0.307,
                                  "y":0
                               },
                               "t":74,
                               "s":[
                                  {
                                     "i":[
                                        [
                                           0,
                                           0
                                        ],
                                        [
                                           0,
                                           0
                                        ],
                                        [
                                           0,
                                           0
                                        ]
                                     ],
                                     "o":[
                                        [
                                           0,
                                           0
                                        ],
                                        [
                                           0,
                                           0
                                        ],
                                        [
                                           0,
                                           0
                                        ]
                                     ],
                                     "v":[
                                        [
                                           -63.5,
                                           -17.5
                                        ],
                                        [
                                           -0.063,
                                           -82
                                        ],
                                        [
                                           66,
                                           -17
                                        ]
                                     ],
                                     "c":false
                                  }
                               ]
                            },
                            {
                               "t":104,
                               "s":[
                                  {
                                     "i":[
                                        [
                                           0,
                                           0
                                        ],
                                        [
                                           0,
                                           0
                                        ],
                                        [
                                           0,
                                           0
                                        ]
                                     ],
                                     "o":[
                                        [
                                           0,
                                           0
                                        ],
                                        [
                                           0,
                                           0
                                        ],
                                        [
                                           0,
                                           0
                                        ]
                                     ],
                                     "v":[
                                        [
                                           -91.5,
                                           0
                                        ],
                                        [
                                           0.031,
                                           0
                                        ],
                                        [
                                           91.5,
                                           0
                                        ]
                                     ],
                                     "c":false
                                  }
                               ]
                            }
                         ],
                         "ix":2
                      },
                      "nm":"Path 1",
                      "mn":"ADBE Vector Shape - Group",
                      "hd":false
                   },
                   {
                      "ty":"st",
                      "c":{
                         "a":0,
                         "k":[
                            0,
                            0,
                            0,
                            1
                         ],
                         "ix":3
                      },
                      "o":{
                         "a":0,
                         "k":100,
                         "ix":4
                      },
                      "w":{
                         "a":0,
                         "k":23.116,
                         "ix":5
                      },
                      "lc":2,
                      "lj":2,
                      "bm":0,
                      "nm":"Stroke 1",
                      "mn":"ADBE Vector Graphic - Stroke",
                      "hd":false
                   },
                   {
                      "ty":"tr",
                      "p":{
                         "a":0,
                         "k":[
                            0,
                            0
                         ],
                         "ix":2
                      },
                      "a":{
                         "a":0,
                         "k":[
                            0,
                            0
                         ],
                         "ix":1
                      },
                      "s":{
                         "a":0,
                         "k":[
                            100,
                            100
                         ],
                         "ix":3
                      },
                      "r":{
                         "a":0,
                         "k":0,
                         "ix":6
                      },
                      "o":{
                         "a":0,
                         "k":100,
                         "ix":7
                      },
                      "sk":{
                         "a":0,
                         "k":0,
                         "ix":4
                      },
                      "sa":{
                         "a":0,
                         "k":0,
                         "ix":5
                      },
                      "nm":"Transform"
                   }
                ],
                "nm":"Group 1",
                "np":2,
                "cix":2,
                "bm":0,
                "ix":1,
                "mn":"ADBE Vector Group",
                "hd":false
             }
          ],
          "ip":0,
          "op":120,
          "st":0,
          "bm":0
       }
    ],
    "markers":[
        {
            "tm":30,
            "cm":"{\r\"name\":\"cross\"\r}",
            "dr":60
        }
    ]
 }