{"nm":"Comp 1","mn":"","layers":[{"ty":5,"nm":"PLAY","mn":"","sr":1,"st":0,"op":900.000036657751,"ip":0,"hd":false,"cl":"","ln":"","ddd":0,"bm":0,"hasMask":false,"ao":0,"ks":{"a":{"a":0,"k":[2.982,-21.706,0],"ix":1},"s":{"a":0,"k":[100,100,100],"ix":6},"sk":{"a":0,"k":0},"p":{"a":0,"k":[290.982,250,0],"ix":2},"r":{"a":0,"k":0,"ix":10},"sa":{"a":0,"k":0},"o":{"a":1,"k":[{"o":{"x":0.333,"y":0},"i":{"x":0.667,"y":1},"s":[0],"t":15},{"o":{"x":0.333,"y":0},"i":{"x":0.667,"y":1},"s":[100],"t":26},{"o":{"x":0.333,"y":0},"i":{"x":0.833,"y":1},"s":[100],"t":45},{"o":{"x":0.167,"y":0.167},"i":{"x":0.833,"y":0.833},"s":[0],"t":56.0000022809268}],"ix":11}},"ef":[],"t":{"m":{"a":{"a":0,"k":[0,0],"ix":2},"g":1},"p":{},"a":[],"d":{"k":[{"s":{"f":"Mont-Book","s":62,"t":"PLAY","fc":[0.9686,0.9686,0.9686],"lh":74.4,"tr":0,"j":2,"ca":0},"t":0}]}},"ind":1},{"ty":4,"nm":"Shape Layer 2","mn":"","sr":1,"st":0,"op":900.000036657751,"ip":0,"hd":false,"cl":"","ln":"","ddd":0,"bm":0,"hasMask":false,"ao":0,"ks":{"a":{"a":0,"k":[0,0,0],"ix":1},"s":{"a":0,"k":[100,100,100],"ix":6},"sk":{"a":0,"k":0},"p":{"a":1,"k":[{"o":{"x":0.333,"y":0},"i":{"x":0.202,"y":1},"s":[241.418,246,0],"t":11,"ti":[16.167,0,0],"to":[-16.167,0,0]},{"o":{"x":0.333,"y":0.333},"i":{"x":0.202,"y":0.202},"s":[144.418,246,0],"t":26,"ti":[0,0,0],"to":[0,0,0]},{"o":{"x":0.913,"y":0},"i":{"x":0.667,"y":1},"s":[144.418,246,0],"t":45,"ti":[-16.167,0,0],"to":[16.167,0,0]},{"o":{"x":0.167,"y":0.167},"i":{"x":0.833,"y":0.833},"s":[241.418,246,0],"t":56.0000022809268}],"ix":2},"r":{"a":0,"k":90,"ix":10},"sa":{"a":0,"k":0},"o":{"a":0,"k":100,"ix":11}},"ef":[],"shapes":[{"ty":"gr","bm":0,"cl":"","ln":"","hd":false,"mn":"ADBE Vector Group","nm":"Polystar 1","ix":1,"cix":2,"np":3,"it":[{"ty":"sr","bm":0,"cl":"","ln":"","hd":false,"mn":"ADBE Vector Shape - Star","nm":"Polystar Path 1","ix":1,"d":1,"pt":{"a":0,"k":3,"ix":3},"p":{"a":0,"k":[0,0],"ix":4},"or":{"a":0,"k":30,"ix":7},"os":{"a":0,"k":0,"ix":9},"r":{"a":0,"k":0,"ix":5},"sy":2},{"ty":"fl","bm":0,"cl":"","ln":"","hd":false,"mn":"ADBE Vector Graphic - Fill","nm":"Fill 1","c":{"a":0,"k":[0.9686,0.9686,0.9686],"ix":4},"r":1,"o":{"a":0,"k":100,"ix":5}},{"ty":"tr","a":{"a":0,"k":[0,0],"ix":1},"s":{"a":0,"k":[100,100],"ix":3},"sk":{"a":0,"k":0,"ix":4},"p":{"a":0,"k":[4,-5],"ix":2},"r":{"a":0,"k":0,"ix":6},"sa":{"a":0,"k":0,"ix":5},"o":{"a":0,"k":100,"ix":7}}]}],"ind":2},{"ty":4,"nm":"Shape Layer 1","mn":"","sr":1,"st":0,"op":900.000036657751,"ip":0,"hd":false,"cl":"","ln":"","ddd":0,"bm":0,"hasMask":false,"ao":0,"ks":{"a":{"a":0,"k":[-0.5,10.5,0],"ix":1},"s":{"a":0,"k":[100,100,100],"ix":6},"sk":{"a":0,"k":0},"p":{"a":0,"k":[250,250,0],"ix":2},"r":{"a":0,"k":0,"ix":10},"sa":{"a":0,"k":0},"o":{"a":0,"k":100,"ix":11}},"ef":[],"shapes":[{"ty":"gr","bm":0,"cl":"","ln":"","hd":false,"mn":"ADBE Vector Group","nm":"Rectangle 1","ix":1,"cix":2,"np":3,"it":[{"ty":"rc","bm":0,"cl":"","ln":"","hd":false,"mn":"ADBE Vector Shape - Rect","nm":"Rectangle Path 1","d":1,"p":{"a":0,"k":[0,0],"ix":3},"r":{"a":0,"k":75,"ix":4},"s":{"a":1,"k":[{"o":{"x":0.333,"y":0},"i":{"x":0.202,"y":1},"s":[150,150],"t":11},{"o":{"x":0.333,"y":0},"i":{"x":0.202,"y":1},"s":[350,150],"t":26},{"o":{"x":0.913,"y":0},"i":{"x":0.667,"y":1},"s":[350,150],"t":45},{"o":{"x":0.167,"y":0.167},"i":{"x":0.833,"y":0.833},"s":[150,150],"t":56.0000022809268}],"ix":2}},{"ty":"fl","bm":0,"cl":"","ln":"","hd":false,"mn":"ADBE Vector Graphic - Fill","nm":"Fill 1","c":{"a":0,"k":[0.4353,0.3451,0.7882],"ix":4},"r":1,"o":{"a":0,"k":100,"ix":5}},{"ty":"tr","a":{"a":0,"k":[0,0],"ix":1},"s":{"a":0,"k":[100,100],"ix":3},"sk":{"a":0,"k":0,"ix":4},"p":{"a":0,"k":[-0.5,10.5],"ix":2},"r":{"a":0,"k":0,"ix":6},"sa":{"a":0,"k":0,"ix":5},"o":{"a":0,"k":100,"ix":7}}]}],"ind":3}],"ddd":0,"h":500,"w":500,"meta":{"a":"","k":"","d":"","g":"@lottiefiles/toolkit-js 0.22.1","tc":"#000000"},"v":"5.5.10","fr":30,"op":60,"ip":0,"fonts":{"list":[{"ascent":73.193359375,"fClass":"","fFamily":"Mont","fStyle":"Book","fName":"Mont-Book","fPath":"","fWeight":"","origin":0}]},"chars":[{"ch":"P","fFamily":"Mont","size":62,"style":"Book","w":60.6,"data":{"shapes":[{"ty":"gr","bm":0,"cl":"","ln":"","hd":false,"mn":"ADBE Vector Group","nm":"P","ix":1,"cix":2,"np":5,"it":[{"ty":"sh","bm":0,"cl":"","ln":"","hd":false,"mn":"ADBE Vector Shape - Group","nm":"P","ix":1,"d":1,"ks":{"a":0,"k":{"c":true,"i":[[0,0],[0,0],[0,0],[0,0],[0,0],[-4.33,4.199],[0,6.283],[4.346,4.183],[6.51,0]],"o":[[0,0],[0,0],[0,0],[0,0],[6.543,0],[4.329,-4.199],[0,-6.282],[-4.346,-4.182],[0,0]],"v":[[9.961,-70.02],[9.961,0],[16.943,0],[16.943,-26.025],[34.57,-26.025],[50.879,-32.324],[57.373,-48.047],[50.854,-63.745],[34.57,-70.02]]},"ix":2}},{"ty":"sh","bm":0,"cl":"","ln":"","hd":false,"mn":"ADBE Vector Shape - Group","nm":"P","ix":2,"d":1,"ks":{"a":0,"k":{"c":true,"i":[[0,0],[0,0],[0,0],[-3.044,-2.864],[0,-4.362],[3.043,-2.897],[4.622,0]],"o":[[0,0],[0,0],[4.622,0],[3.043,2.865],[0,4.362],[-3.044,2.898],[0,0]],"v":[[16.943,-32.813],[16.943,-63.184],[34.18,-63.184],[45.679,-58.887],[50.244,-48.047],[45.679,-37.158],[34.18,-32.813]]},"ix":2}}]}]}},{"ch":"L","fFamily":"Mont","size":62,"style":"Book","w":50.88,"data":{"shapes":[{"ty":"gr","bm":0,"cl":"","ln":"","hd":false,"mn":"ADBE Vector Group","nm":"L","ix":1,"cix":2,"np":3,"it":[{"ty":"sh","bm":0,"cl":"","ln":"","hd":false,"mn":"ADBE Vector Shape - Group","nm":"L","ix":1,"d":1,"ks":{"a":0,"k":{"c":true,"i":[[0,0],[0,0],[0,0],[0,0],[0,0],[0,0]],"o":[[0,0],[0,0],[0,0],[0,0],[0,0],[0,0]],"v":[[16.943,-70.02],[9.961,-70.02],[9.961,0],[48.828,0],[48.828,-6.592],[16.943,-6.592]]},"ix":2}}]}]}},{"ch":"A","fFamily":"Mont","size":62,"style":"Book","w":69.19,"data":{"shapes":[{"ty":"gr","bm":0,"cl":"","ln":"","hd":false,"mn":"ADBE Vector Group","nm":"A","ix":1,"cix":2,"np":5,"it":[{"ty":"sh","bm":0,"cl":"","ln":"","hd":false,"mn":"ADBE Vector Shape - Group","nm":"A","ix":1,"d":1,"ks":{"a":0,"k":{"c":true,"i":[[0,0],[0,0],[0,0],[0,0],[0,0],[0,0],[0,0],[0,0]],"o":[[0,0],[0,0],[0,0],[0,0],[0,0],[0,0],[0,0],[0,0]],"v":[[67.188,0],[37.402,-70.02],[30.957,-70.02],[1.953,0],[9.424,0],[16.846,-17.871],[52.051,-17.871],[59.57,0]]},"ix":2}},{"ty":"sh","bm":0,"cl":"","ln":"","hd":false,"mn":"ADBE Vector Shape - Group","nm":"A","ix":2,"d":1,"ks":{"a":0,"k":{"c":true,"i":[[0,0],[0,0],[0,0]],"o":[[0,0],[0,0],[0,0]],"v":[[49.365,-24.316],[19.482,-24.316],[34.277,-60.303]]},"ix":2}}]}]}},{"ch":"Y","fFamily":"Mont","size":62,"style":"Book","w":65.19,"data":{"shapes":[{"ty":"gr","bm":0,"cl":"","ln":"","hd":false,"mn":"ADBE Vector Group","nm":"Y","ix":1,"cix":2,"np":3,"it":[{"ty":"sh","bm":0,"cl":"","ln":"","hd":false,"mn":"ADBE Vector Shape - Group","nm":"Y","ix":1,"d":1,"ks":{"a":0,"k":{"c":true,"i":[[0,0],[0,0],[0,0],[0,0],[0,0],[0,0],[0,0],[0,0],[0,0]],"o":[[0,0],[0,0],[0,0],[0,0],[0,0],[0,0],[0,0],[0,0],[0,0]],"v":[[54.688,-70.02],[32.617,-34.473],[10.693,-70.02],[2.979,-70.02],[28.955,-27.832],[28.955,0],[36.182,0],[36.182,-27.832],[62.402,-70.02]]},"ix":2}}]}]}}],"assets":[]}