{"nm":"ScrollAnimation","mn":"","layers":[{"ty":4,"nm":"Dot","mn":"","sr":1,"st":0,"op":90,"ip":0,"hd":false,"cl":"","ln":"","ddd":0,"bm":0,"hasMask":false,"ao":0,"ks":{"a":{"a":0,"k":[25,22,0],"ix":1},"s":{"a":1,"k":[{"o":{"x":0.167,"y":0},"i":{"x":0,"y":1},"s":[0,0,100],"t":6},{"o":{"x":0.167,"y":0},"i":{"x":0.833,"y":1},"s":[100,100,100],"t":26},{"o":{"x":1,"y":0},"i":{"x":0.667,"y":1},"s":[100,100,100],"t":55},{"o":{"x":0.167,"y":0.167},"i":{"x":0.833,"y":0.833},"s":[0,0,100],"t":79}],"ix":6},"sk":{"a":0,"k":0},"p":{"a":1,"k":[{"o":{"x":0.655,"y":0},"i":{"x":0.505,"y":1},"s":[25,22,0],"t":0,"ti":[0,-5.958,0],"to":[0,5.958,0]},{"o":{"x":0.167,"y":0.167},"i":{"x":0.833,"y":0.833},"s":[25,57.75,0],"t":89}],"ix":2},"r":{"a":0,"k":0,"ix":10},"sa":{"a":0,"k":0},"o":{"a":0,"k":100,"ix":11}},"ef":[],"shapes":[{"ty":"sh","bm":0,"cl":"","ln":"","hd":false,"mn":"ADBE Vector Shape - Group","nm":"Path 1","ix":1,"d":1,"ks":{"a":0,"k":{"c":true,"i":[[0,-2.761],[2.762,0],[0,2.761],[-2.761,0]],"o":[[0,2.761],[-2.761,0],[0,-2.761],[2.762,0]],"v":[[30,22],[25,27],[20,22],[25,17]]},"ix":2}},{"ty":"fl","bm":0,"cl":"","ln":"","hd":false,"mn":"ADBE Vector Graphic - Fill","nm":"Fill 1","c":{"a":0,"k":[0.4157,0.2863,0.9333],"ix":4},"r":1,"o":{"a":0,"k":100,"ix":5}}],"ind":1},{"ty":4,"nm":"Outline","mn":"","sr":1,"st":0,"op":90,"ip":0,"hd":false,"cl":"","ln":"","ddd":0,"bm":0,"hasMask":false,"ao":0,"ks":{"a":{"a":0,"k":[25,40,0],"ix":1},"s":{"a":0,"k":[100,100,100],"ix":6},"sk":{"a":0,"k":0},"p":{"a":0,"k":[25,40,0],"ix":2},"r":{"a":0,"k":0,"ix":10},"sa":{"a":0,"k":0},"o":{"a":0,"k":100,"ix":11}},"ef":[],"shapes":[{"ty":"sh","bm":0,"cl":"","ln":"","hd":false,"mn":"ADBE Vector Shape - Group","nm":"Path 1","ix":1,"d":1,"ks":{"a":0,"k":{"c":true,"i":[[13.807,0],[0,0],[0,-13.807],[0,0],[-13.807,0],[0,13.807],[0,0]],"o":[[0,0],[-13.807,0],[0,0],[0,13.807],[13.807,0],[0,0],[0,-13.807]],"v":[[25,0],[25,0],[0,25],[0,55],[25,80],[50,55],[50,25]]},"ix":2}},{"ty":"sh","bm":0,"cl":"","ln":"","hd":false,"mn":"ADBE Vector Shape - Group","nm":"Path 2","ix":2,"d":1,"ks":{"a":0,"k":{"c":true,"i":[[-11.028,0],[0,-11.028],[0,0],[11.028,0],[0,11.028],[0,0]],"o":[[11.028,0],[0,0],[0,11.028],[-11.028,0],[0,0],[0,-11.028]],"v":[[25,5],[45,25],[45,55],[25,75],[5,55],[5,25]]},"ix":2}},{"ty":"mm","bm":0,"cl":"","ln":"","hd":false,"mn":"ADBE Vector Filter - Merge","nm":"Merge Paths 1","mm":1},{"ty":"fl","bm":0,"cl":"","ln":"","hd":false,"mn":"ADBE Vector Graphic - Fill","nm":"Fill 1","c":{"a":0,"k":[0.4157,0.2863,0.9333],"ix":4},"r":1,"o":{"a":0,"k":100,"ix":5}}],"ind":2}],"ddd":0,"h":80,"w":50,"meta":{"a":"","k":"","d":"","g":"@lottiefiles/toolkit-js 0.22.1","tc":"#000000"},"v":"5.5.0","fr":60,"op":90,"ip":0,"assets":[]}